Nitrogen,Phosphorus,Potassium,Temperature,Humidity,pH,Rainfall,Soil_Type,Crop_Type,Recommended Fertilizer,Yield (kg/ha)
102,19,111,33.39073000818308,61.77951105625409,6.50624738784116,289.9523400542055,Alkaline,Cotton,MOP,6130.144947537078
161,135,57,39.097295564859834,78.27098485602951,5.455525998052242,445.46743769349115,Laterite,Tea,Compost,4513.629812580157
58,63,19,23.682099526511077,74.96231729751095,5.3985320197126185,1077.0454329858621,Saline,Coffee,Organic Manure,3533.9588061118693
144,25,77,11.951547789558386,86.42198760773333,8.845344148835517,1635.9549614212763,Arid,Maize,Urea,603.7806394313923
101,115,12,11.031655633456552,83.65242814551475,5.664509917200077,1358.7923402725658,Black,Cotton,DAP,3263.5131841930906
13,58,48,38.18496824692568,82.63791452993541,7.190549904649883,1851.561046543922,Saline,Vegetables,Organic Manure,4207.885833635097
91,115,57,27.602534969915446,87.56787150848966,7.231654114590081,624.3984458428324,Peaty,Tea,Compost,5714.280374901258
80,13,92,21.84644554526709,40.54417223026267,4.56335920221788,477.8005677687298,Alluvial,Coffee,Organic Manure,5238.546592266417
50,32,139,35.50115733369398,51.461547189674235,4.929345524206851,804.5546791767061,Alluvial,Sugarcane,Vermicompost,2613.691593173856
44,105,135,32.82355145850693,59.28940382986474,7.969352309795525,1038.2116330923423,Red,Tea,Urea,5119.308782957618
61,100,136,37.22699421778279,37.450456040421244,6.346723153660333,1535.5471632317924,Red,Pulses,NPK,6628.548208626877
95,32,70,28.7306214440138,40.69435800863998,4.974724169236218,967.4156839175295,Alkaline,Maize,NPK,1712.7053827592329
199,133,125,29.43070361624087,20.03642638967211,6.08655985350376,679.0843905002552,Alkaline,Coffee,Vermicompost,3819.857466754177
60,63,122,16.56292658719211,59.06714014121388,6.317262769761184,223.29526950706497,Peaty,Sugarcane,DAP,6755.907417123723
140,117,105,18.545214831324028,22.582086314817296,7.243039502909536,1055.090144134837,Alkaline,Rice,Vermicompost,714.8297638535645
156,130,134,25.92803749951409,51.34482152011641,6.988018900820975,1226.1237753708476,Alluvial,Wheat,Bio-fertilizer,5450.527499636664
33,73,120,39.50269422684529,47.917710971118716,8.173943429487228,1616.8557374706472,Alluvial,Barley,Urea,2585.070422316283
157,94,100,12.885296532742622,85.83662851427228,6.28907409489385,1083.7275660022124,Saline,Maize,Organic Manure,1393.8861369489562
187,46,103,16.85650065391899,32.24684489671553,8.91975754498246,1081.608193414927,Peaty,Coffee,Urea,2072.039890852936
169,13,103,31.010734899183138,79.26627995668142,8.353459313451417,868.5654415321611,Arid,Sugarcane,Urea,4673.205700002871
173,108,88,27.42059864309364,46.05979365932201,8.730600491060002,1949.961289835103,Alluvial,Tea,DAP,1545.2523342137413
63,72,37,24.81681145550304,32.51758964549302,6.149109530622869,1513.9239938074684,Black,Rice,MOP,4774.4837999522315
128,26,42,39.36678574825027,54.07195070716186,8.577444544733492,925.3492944698145,Alluvial,Maize,Compost,3767.1411051837486
70,52,8,10.729478992943616,65.18306071350175,5.29699805733172,1886.8713102705372,Alluvial,Sugarcane,Compost,2317.1422216789306
133,41,28,19.92250914011541,58.69354767848429,7.075316111268773,1962.6300090604868,Saline,Maize,NPK,2413.9177984523067
170,71,132,21.180606012821478,47.62840267666306,8.2989591332684,1867.0319861405806,Arid,Pulses,Vermicompost,1131.6472095099955
136,134,21,35.46009384774023,29.563493200942016,7.690099486095534,1150.3579561250247,Saline,Pulses,DAP,5760.847510610339
162,17,64,25.340271965828133,55.10614062810397,8.092328305350488,1334.9314684777537,Red,Rice,Organic Manure,3079.0948768902745
152,96,102,12.819458195226069,60.47960986973218,4.661740232085339,984.6362344516743,Red,Pulses,Bio-fertilizer,6881.965774018452
67,90,53,11.120445662476433,77.58203924617608,6.120857886350683,341.4149740385811,Saline,Vegetables,Urea,5881.148524619326
15,113,120,22.340617151700357,68.96585475370357,5.122588915880106,352.2163022616427,Arid,Pulses,DAP,3855.9522639577694
129,67,23,23.169142621169083,25.491946693958617,4.614078345369559,1929.0319878880575,Red,Wheat,Bio-fertilizer,3284.0440871107007
67,126,5,23.270566891933132,36.785115141018224,4.922429805365812,447.4453945038839,Arid,Wheat,Compost,2319.5703301486283
31,97,80,26.981116314822287,31.105251334974373,5.04074091512539,749.571366761163,Alkaline,Sugarcane,NPK,799.0171731413928
153,89,43,20.389129632682025,52.5271669057728,7.423981571892435,191.31195597436408,Alluvial,Cotton,Vermicompost,4628.108730639685
147,100,5,26.181323452001877,67.87746385786988,7.2713302397546125,1893.3940486654385,Black,Cotton,DAP,672.3235185205418
149,128,37,23.7475867147455,58.193175252115445,8.736591639494364,833.5950118214711,Laterite,Tea,Urea,4734.651017075622
44,85,94,19.569268908812838,79.14127176786181,4.604723710811216,1647.490116918978,Black,Maize,Urea,3724.24345290714
84,124,25,39.02741654560742,58.35803182736611,6.4056192403865335,1180.188539124921,Arid,Rice,MOP,6938.283423004376
105,41,16,22.86982082125055,72.56097474540482,7.895442933381071,295.935350788272,Laterite,Rice,Urea,3973.128577948662
95,145,23,21.676050362024895,20.758635603620885,8.574218893886687,273.44468589365374,Laterite,Coffee,Bio-fertilizer,6719.205753321966
120,148,121,12.751124417754433,62.170864813078325,6.991663735556104,504.18300054603503,Laterite,Maize,Compost,5645.263784218016
118,46,146,26.485866469712064,50.907135096136386,8.494668822412349,766.7385238489495,Peaty,Pulses,DAP,6796.237635831877
195,149,11,22.782744251408232,35.580349229972136,6.2849322087941335,1794.6041266758757,Peaty,Vegetables,DAP,1028.7670741723484
92,140,113,21.11926441200673,76.89596970802518,8.762618598227364,1973.4020212634548,Arid,Barley,NPK,2776.418603552038
176,95,94,19.907575870572956,50.41162911417899,5.641569782429125,869.8839648846925,Red,Barley,Vermicompost,865.9712919319428
176,5,135,27.50106295291479,87.35207839321794,6.186917607856668,642.8529639355354,Forest,Coffee,Organic Manure,3934.4057884318595
67,48,65,19.68059164832751,23.038054830872092,8.660894986006182,1846.319859029453,Arid,Barley,NPK,4100.052848608585
155,51,53,30.872460669538516,51.817874533744124,7.324011360378286,1210.1971926538904,Laterite,Coffee,Organic Manure,5291.154587979625
161,121,12,15.090397116866967,65.27938531681068,6.247207727954425,535.8500168394044,Forest,Barley,NPK,1005.2751402724015
164,149,145,37.32781553481527,77.57760700462183,8.774099609813657,1478.867065937884,Peaty,Cotton,Bio-fertilizer,6474.647586931137
118,9,123,22.33765349756107,74.43215986146579,6.661665368398596,1972.0434962644583,Forest,Rice,MOP,4361.849649788878
68,31,102,11.104656029079742,29.369648316044323,4.561523841721487,243.1822146696784,Peaty,Barley,NPK,5783.856559345504
12,27,57,38.34297189647284,79.47531734741881,5.61306645784439,956.0338570891777,Arid,Barley,Vermicompost,2134.37585682669
122,36,38,20.744881540985215,27.94903145397403,7.5220793801675985,1088.5846317172072,Laterite,Wheat,Vermicompost,5903.914685406258
63,137,61,27.69867691412908,53.60321769129326,6.392411003992838,1590.8697014941881,Black,Wheat,Vermicompost,5076.518492644953
175,42,54,27.697530605638992,47.45708315698126,6.468637149106781,1817.901519538122,Red,Pulses,NPK,4058.400994844225
88,34,110,35.87091126240236,86.46644365603495,5.161830664180671,1860.5164878068395,Alluvial,Tea,DAP,5497.965318550084
78,38,10,24.77854281978609,43.012612720125574,7.350303844425266,556.2766756785668,Laterite,Tea,MOP,3992.2122086414556
89,99,122,30.93002721090795,32.6047090644509,7.634256598021855,882.1563072793034,Alkaline,Pulses,Organic Manure,3580.75066170867
60,25,9,20.3524788346716,44.33334501378785,4.643121066683243,1142.5590874940765,Black,Vegetables,Compost,3495.0619922127175
87,49,77,12.768717586862383,53.68017758394053,7.595031226932374,1072.1483257397963,Black,Wheat,MOP,6485.670603456786
45,5,12,32.447790711509754,32.91647135494641,5.442071955015196,803.8969953036258,Alluvial,Vegetables,Vermicompost,2034.757465263128
139,113,18,14.432172757186802,29.318185001123478,7.59224477431499,1704.4372780038946,Alkaline,Tea,MOP,3958.7376542245515
47,119,19,13.146074995974427,71.61836442656734,5.320277453141811,1171.533674835789,Black,Vegetables,Urea,1874.4120454775402
22,29,72,20.653129098379143,65.41759882041032,6.658119457894125,1209.9790209569217,Peaty,Wheat,Vermicompost,4314.467267135715
122,87,46,18.513277173961733,45.41576074790446,7.406627585992205,1184.4787788709325,Forest,Tea,Organic Manure,3738.6100360181113
130,37,25,14.585774175529961,37.21704098691557,5.223066179668001,454.4773456974809,Saline,Sugarcane,Vermicompost,5738.121763817432
146,135,35,22.311904809689846,88.76650318360245,5.0041750597562356,855.925638186909,Forest,Pulses,NPK,6463.071485055955
122,98,66,37.88127967382758,58.973402510975085,7.072257102614549,631.96027795454,Saline,Barley,NPK,1833.0041409714843
28,24,117,25.895200695433502,69.50610669511111,7.955007756492774,265.85134122038335,Saline,Cotton,Vermicompost,1503.357649282315
170,138,14,26.458093538144595,58.42453859222841,5.407787080486061,1400.6859409716833,Laterite,Maize,NPK,2155.164255964465
26,13,147,24.14728565650475,48.8288639903088,6.069907199443479,1866.1053740708692,Arid,Coffee,Vermicompost,5348.8344160666675
129,141,80,21.37685754891401,84.85145965127978,7.747184478380747,191.37982353176662,Black,Sugarcane,Compost,1408.5204480708817
23,64,34,34.753980300783915,33.04834907517009,5.560612857292499,1304.1412710683367,Peaty,Sugarcane,Vermicompost,2832.3981468027664
49,76,43,31.413473645659778,82.97672117045212,7.30845694881827,1125.5840176378028,Peaty,Rice,Bio-fertilizer,3767.6825356011145
62,108,108,28.727139877419763,28.182862849585483,8.729244556260639,1292.645300835694,Peaty,Wheat,Organic Manure,5009.1644481217
164,42,101,31.20941383730377,74.50003573355258,5.1440759349681136,488.6347270219802,Laterite,Wheat,DAP,5455.981457314489
47,145,51,35.39356875203555,28.924206363238767,6.287792807521653,1614.8611949811518,Alluvial,Barley,Compost,3661.3236329714505
164,99,119,30.818453334013,57.99071103433173,5.633095765081287,756.8223876574469,Laterite,Rice,MOP,6733.98616466618
143,27,51,18.637888494271785,63.046518420685814,8.603335839793342,364.32076887181756,Forest,Barley,DAP,4474.45253032521
77,137,124,10.690678143629125,65.59570476917723,7.970610008338821,811.4272024688019,Forest,Cotton,Urea,3256.849363465509
20,5,50,17.077181037852434,31.58643572571028,5.338443957723543,1691.2324991047349,Forest,Coffee,Urea,6154.326353403834
177,147,57,20.05591724937703,76.19974140186079,4.520844103520713,733.6484262131739,Alkaline,Maize,Bio-fertilizer,3194.2797973235797
144,95,21,27.612046724097016,22.299266917040683,8.60737258295608,571.6302412385886,Saline,Rice,Urea,3739.3905228066183
97,33,67,18.327615178882546,35.40680498567679,5.457063529535518,1078.8299965729439,Saline,Sugarcane,Urea,6746.957063551458
127,90,67,39.90622755537842,55.15365072318698,7.179232577940197,227.44530703801223,Alluvial,Cotton,Bio-fertilizer,3274.1278846888713
71,36,33,28.74927961153157,46.44081632081185,8.264541659815498,1216.1618480447412,Forest,Maize,Urea,5540.929508517569
122,118,67,13.089444379939465,43.40539679173375,4.839765137117501,1531.1678194201565,Black,Rice,DAP,2259.8403754330993
96,59,36,31.479166865421927,66.12467593371059,4.6219319662656755,521.747107672604,Black,Wheat,Organic Manure,1774.7351480074433
76,55,101,26.701647543500982,70.45691674173545,8.123917353110572,1978.5846857153413,Forest,Barley,Organic Manure,6062.027042690857
174,146,59,36.89007455563359,20.910134645751523,4.884788388845107,494.9838847774519,Laterite,Cotton,MOP,1298.0497828076052
38,86,6,37.31872010620911,63.73328897302758,6.011396357174258,1667.7039297030535,Red,Cotton,MOP,4336.91712634625
46,141,57,18.83397278625753,86.39173148735097,7.936226073718924,366.21503395625984,Laterite,Sugarcane,DAP,4177.548029782643
123,119,18,32.25060832685997,68.91920972126331,6.311475196186413,514.2439042387643,Alkaline,Wheat,Vermicompost,5927.046539195444
195,33,113,30.73665572828963,67.82286995118369,8.201627441602533,1106.357189444654,Laterite,Vegetables,DAP,4247.357090842648
26,126,80,16.1926381528181,20.769708006093634,5.115985335309633,1810.0354195113996,Saline,Rice,Vermicompost,5259.199759983905
62,142,149,22.563115746762193,46.81969697746482,6.835129673772769,189.2353368726046,Black,Coffee,NPK,6731.076652535934
190,40,119,17.36047329043963,47.25069298293836,5.799121815468149,775.7781612834034,Alluvial,Maize,Urea,5189.963597292386
63,102,59,29.910134960879443,85.57808175273306,7.796574437446126,508.38671932243784,Forest,Maize,NPK,4008.9780629032575
90,113,77,12.254133452074264,70.97321293425223,6.729710922927893,1407.9645532126985,Red,Maize,DAP,3487.929832947352
117,106,102,13.092812380412347,42.02175897665876,8.133436133175426,1927.9876929518236,Red,Maize,Urea,6676.542799835216
56,16,66,38.745123790117916,73.0874689761977,7.3752722340041785,1542.1681065238147,Alkaline,Wheat,Compost,4999.797669366041
34,93,16,16.636283254588065,89.13676055976529,8.74826702858976,174.9109416001612,Saline,Tea,DAP,4323.714420304552
35,90,139,11.018379357573965,68.8194187072788,5.838070533176478,1856.3527712154078,Alluvial,Pulses,DAP,3241.457288248331
176,107,21,29.505020513296845,45.528807462011414,7.023047373015813,1014.0175793037643,Black,Cotton,MOP,5025.877043207908
192,112,43,19.45871013491831,57.7643904662736,8.058254241775336,705.6297555709328,Forest,Vegetables,DAP,3881.092714211757
179,38,17,25.86811402081636,85.73473889590274,8.094524560981494,1996.0748100133412,Black,Pulses,NPK,842.4449338519858
194,20,125,33.04820241593555,49.243674751713364,6.396106510246816,1501.4063730188939,Alluvial,Sugarcane,Vermicompost,521.7513532793649
77,41,77,13.284027960373454,47.414109837824924,5.0599690078358535,1917.1898253629076,Forest,Rice,Compost,5611.2425937010885
193,67,50,28.02395339326594,83.26067770226894,8.951332094160115,1512.3703634978858,Saline,Pulses,NPK,2005.866058992382
126,114,78,11.40836071443439,46.88634280438747,4.665293718419761,1918.8134996683186,Laterite,Barley,Organic Manure,2775.814184583746
56,13,103,27.91822217291023,56.75220506021877,5.671050155781873,1078.9710561979791,Arid,Barley,DAP,5024.134017349649
169,17,124,32.43614812276685,22.440561216367744,8.527146485525279,1734.2409511940552,Forest,Maize,MOP,6203.495607097472
162,80,13,19.87154096109613,85.21126418232929,7.8084569453555375,634.6428250973008,Red,Coffee,NPK,2922.475360580041
185,94,41,16.60549605849434,67.8281134561717,4.84258886770635,1717.2931366926605,Forest,Sugarcane,Organic Manure,6238.8907493934985
76,60,44,30.340484576771907,59.601237479705375,5.701627215762396,1769.3969740748003,Red,Vegetables,MOP,6143.045226335055
22,111,49,30.924143850078508,67.60985402322103,7.283751201968329,1530.1616151595183,Alluvial,Coffee,Bio-fertilizer,6230.641363007276
40,27,142,34.59840752224301,36.00376130674465,8.589155891712156,102.12821181220802,Peaty,Maize,DAP,5908.872156725322
22,50,117,26.795329369264884,28.109069974618038,6.195129128940595,117.23756884017743,Alkaline,Rice,Compost,5568.995068482433
167,78,67,21.7645363433559,32.56481263966834,7.891644753227336,1598.7332655544142,Saline,Maize,NPK,4971.257194955287
26,16,149,27.465113805288198,44.21181398670697,7.294119829953647,186.90986424377442,Black,Cotton,DAP,6935.964422879206
189,129,11,11.968784337220388,77.50590631852086,6.17325088157426,1655.692722378478,Laterite,Maize,MOP,4941.419947942284
38,8,103,23.541610729890266,31.453667483416844,8.076642969374682,1417.9962289848283,Black,Rice,NPK,5959.656570371068
36,85,130,14.531736753427007,50.26343607298213,8.746271640754195,897.4819021596323,Laterite,Barley,MOP,6769.383069756355
140,5,62,36.82297611037403,36.09682241237603,5.458971168112875,159.1547574805716,Red,Coffee,Urea,5147.00626131461
69,149,97,33.297905583752254,73.96452912508364,8.301524526525995,1545.945582791698,Black,Tea,MOP,5679.185881116179
69,126,135,15.56376624029963,52.34681035359625,4.505543258248917,1236.8218037326112,Arid,Tea,Vermicompost,4956.1743669883135
175,67,121,27.707918166568675,50.32727242801589,8.929581333313067,384.20322106837494,Laterite,Coffee,Compost,970.9047706646327
41,15,49,32.711778028336695,86.6854046627102,8.58518393843088,1476.1420854401827,Black,Barley,MOP,1182.0461597181366
55,84,58,28.544672029543573,69.17254793808728,7.018419075691114,118.56461009644894,Alluvial,Coffee,NPK,970.7057689512197
167,81,120,20.73404052784814,42.54662915535347,8.898598738416535,481.6322707383589,Alluvial,Wheat,DAP,5703.813544209039
128,53,108,29.0929074863091,69.45330085408308,4.642137651715389,1878.8032678630107,Black,Vegetables,Bio-fertilizer,4484.137136626438
17,76,96,34.051842492093755,43.761513477996424,8.166713011859304,252.21820813088277,Peaty,Rice,NPK,4094.5094418477297
31,131,7,11.222623182774182,31.479963669264805,6.473732474202922,1477.1704637607108,Saline,Vegetables,NPK,2106.171021065952
131,59,104,32.32837196784867,81.02829452811848,6.45144900280375,182.95714964398627,Peaty,Maize,NPK,4109.863081094603
159,41,100,26.274359071581024,54.52937927486597,4.86686920298592,866.1965861352804,Black,Maize,Compost,969.289658364643
85,53,98,38.82341654460931,49.11351563028586,8.308103814085722,1294.6531545912958,Alluvial,Pulses,NPK,2911.7519593999177
59,100,109,23.158462575687714,70.76803622905956,6.690010236411163,1759.5041523551552,Laterite,Tea,DAP,5654.214614936605
124,129,16,21.51541455603389,52.606896491417395,8.261991287015443,548.0049785224987,Alkaline,Vegetables,DAP,5152.862270433576
181,18,82,25.378456156174153,48.91218222533879,4.811097537839787,930.6142387519704,Alkaline,Vegetables,Vermicompost,6159.874358271324
93,134,74,29.563697365913136,41.850363968751296,6.295706757616999,1730.173882453141,Forest,Pulses,Compost,2613.7354174605166
173,49,51,17.04022114784653,81.85967687625268,6.489109682022859,728.6897896794267,Forest,Tea,Compost,2690.520646803361
142,24,12,28.5143495981209,69.47440518198121,5.251688585554274,418.47651094780355,Peaty,Wheat,Urea,4435.9980246917385
58,124,48,23.391059395377567,80.49513243719183,7.011631123172383,1125.8210950542036,Arid,Sugarcane,NPK,2253.3724748604327
46,24,30,11.18030622005529,28.547693980701876,6.534895627275459,1874.3625333030193,Black,Coffee,Compost,1171.5082213061019
29,47,130,38.55435356269717,64.73839564708503,8.4056323253401,964.0057257043323,Red,Vegetables,Bio-fertilizer,3891.2453031353853
93,132,130,19.23789824773573,69.32765339156526,5.408340534553267,1379.5216233173428,Alkaline,Barley,DAP,1724.2690444764094
166,100,106,36.04426763132516,32.400485261317016,7.61681678501774,1692.4190503314094,Alkaline,Tea,DAP,2932.9289864086522
154,30,140,35.9382650786511,73.79635551666539,5.008994185844578,1611.469706223166,Black,Rice,NPK,4897.3370075521025
57,73,109,13.197790909239721,66.04917132221252,8.997361765968,191.60287383505647,Red,Sugarcane,Urea,6131.851338929695
86,72,102,22.12420964953099,42.892321309426706,7.504170235036131,1634.9072896883913,Peaty,Coffee,DAP,6206.292533768629
118,79,133,13.606271661118253,58.11423685725947,4.525913972241547,716.7130768105136,Alkaline,Maize,NPK,4463.906735741515
69,97,53,26.370606654864204,51.10936169258411,4.566001756708187,1215.4172446321868,Arid,Maize,Organic Manure,4843.383190607606
12,89,30,38.54435678997973,79.3017152960802,8.614064321781616,1646.1559478072143,Black,Coffee,Urea,2971.2715221080707
53,19,47,32.94649784626385,76.90900171012655,7.731553843019225,1915.495022314376,Black,Sugarcane,Compost,5845.5572223108775
133,147,29,29.640792442940445,46.60521562560437,5.387193569577948,1010.4481359428398,Alkaline,Sugarcane,MOP,1159.2353849199073
61,31,39,27.427961597883932,26.273843740845948,7.729361036588832,859.8198929278968,Laterite,Sugarcane,Compost,3188.069159914785
104,112,78,33.99343286272065,32.92095906759231,5.828752301491395,1607.4737904808908,Peaty,Pulses,Compost,2167.6580940588647
127,11,58,26.506796264687853,23.038877299837342,7.3491811901731,1907.6663501926482,Laterite,Cotton,Bio-fertilizer,4646.903837656435
146,30,13,29.398177402685803,32.2341409979164,6.123476335997699,1821.1930990967446,Arid,Barley,Organic Manure,2797.2389654676676
59,23,104,22.712147609462885,66.72849295040294,4.929908912256007,1285.3327168854887,Arid,Cotton,Urea,3255.641283936463
117,123,41,29.25914501329798,62.49658252621465,6.9601383572133155,540.6994826203534,Arid,Wheat,Vermicompost,4608.10065913272
11,68,39,27.91140750687075,67.30888715611633,6.492226350507872,947.002737696735,Peaty,Coffee,Urea,5000.834983608403
197,50,23,28.096582306401167,43.60589929287943,8.574861565483532,1567.9831821538269,Alkaline,Tea,NPK,1056.7786223767985
140,77,140,21.00868237614402,44.04923323429928,7.2772010252804105,940.5788793132721,Alluvial,Cotton,NPK,939.4816633493969
17,54,71,25.988733596540058,42.70336271807629,5.998508608761891,1372.0252148765612,Arid,Sugarcane,Bio-fertilizer,2960.096752658149
44,102,34,20.007086484166013,60.633250470167226,4.8994532734849585,1927.1648983141451,Saline,Wheat,Compost,4985.0317903343275
115,125,59,32.68489986685738,44.330006696728745,7.492102760192481,1611.3549255004855,Peaty,Pulses,Organic Manure,2986.4208215860535
113,122,9,32.11540675021729,73.80198633519558,5.5964552222874,1375.961042864771,Alkaline,Maize,NPK,4553.306972017938
41,20,42,14.779120618569408,24.417632315540512,5.029420628131014,531.9788701825877,Black,Tea,Compost,2840.886648564874
84,71,59,14.852926340563288,75.03931697299662,7.08564322042995,1176.4931881256953,Arid,Rice,NPK,1855.3183433226827
175,86,39,30.229114192271453,57.27368347915983,7.746399302979293,368.428293623461,Alluvial,Vegetables,Bio-fertilizer,2480.414404137265
172,70,95,30.84853266707385,44.22698085764499,8.890245903869616,1317.8469469561308,Peaty,Sugarcane,Urea,4238.561778228062
173,99,18,14.175940738525895,82.87831391048942,8.231995823135776,703.3097509658004,Saline,Wheat,MOP,3091.3096805200353
145,29,83,38.89345334767522,58.467067512651184,8.84619972518949,921.7459688272507,Peaty,Sugarcane,Compost,6586.919630243794
69,138,97,10.530634288397717,62.17872146900055,6.141591986150383,834.2755982023796,Laterite,Rice,Compost,5574.950309444859
135,15,60,18.920651447105165,50.12360242562448,5.267991413474993,241.79664724045526,Peaty,Rice,NPK,2471.2884591893708
89,148,101,25.28266384449369,89.76877976970837,8.162866212777084,1268.9169326389206,Red,Pulses,NPK,1629.3918718049142
187,67,120,22.143952872555992,65.78530567603987,6.094063082001485,1098.458781740416,Laterite,Barley,Vermicompost,5878.9963211846825
142,134,66,24.44032454905971,21.343459377613968,5.669159439352654,1544.5506639320565,Arid,Barley,DAP,1733.0165131354017
22,86,143,23.631320036798826,79.10499579177312,4.941371613529101,1027.6581603413786,Arid,Wheat,NPK,6120.292548912715
189,46,25,38.68666571946845,29.320150292466785,4.959672883458921,1351.5150777941428,Black,Tea,Urea,4972.875589562524
67,25,32,29.116044304248412,66.15477455440478,8.528029833179414,1309.672396117694,Alluvial,Vegetables,Bio-fertilizer,6281.040954837487
182,73,91,30.4068333762506,22.9171030421669,4.881564072206115,1461.0144373190963,Alkaline,Tea,Compost,5713.8486278293185
26,137,25,21.627856944483085,52.3362855669669,8.962147839916234,1944.4249195742734,Red,Tea,MOP,4798.908971957693
14,9,98,34.9160336921452,24.809898276278744,6.409335986481997,256.9735605726105,Red,Vegetables,Organic Manure,6791.090226492698
162,77,53,17.662404540556587,38.24993099439416,4.81164437828637,1923.6703843442651,Forest,Tea,Bio-fertilizer,772.6829523056357
158,144,95,39.39910988076552,62.131711274542546,7.120901961932609,1521.3390409161111,Black,Vegetables,Organic Manure,4507.248224818042
24,21,63,26.50275821374468,47.205695904089296,5.236577106593857,620.2034842768024,Black,Vegetables,NPK,1289.7589459559674
129,126,36,19.50767432034835,81.54880619984868,5.662942291313182,1133.631500447228,Red,Wheat,Compost,5407.772536850809
55,108,139,15.417837945259027,23.770074489861827,5.9402692463444255,1531.0559382354654,Arid,Tea,Urea,6593.022432231273
38,31,54,16.40534098932016,55.40968850662803,8.2831636260504,1492.322935055876,Black,Rice,MOP,5428.202571997493
12,122,23,14.547081147630207,26.562984445188963,7.0972775247939754,1766.5630388716675,Alluvial,Tea,Compost,1540.4656272047246
117,9,7,39.7542985404809,26.942466971105112,6.306724421375797,1620.134840528403,Forest,Wheat,MOP,2521.038045049102
164,70,116,33.513753534561914,58.79585598924116,4.523533260943108,1545.8824440533783,Arid,Pulses,Vermicompost,5912.42305075578
190,125,24,19.807948490142373,30.422163523271127,5.875218969705967,1765.636447473581,Peaty,Rice,Compost,1310.6413699240381
147,28,41,29.891260135014768,20.131591846743746,5.302676629382984,155.2356226535121,Laterite,Cotton,Vermicompost,2810.7045678688232
26,123,75,24.429186696583713,64.96278681336591,4.791841175173357,1201.9691961134495,Peaty,Cotton,Bio-fertilizer,5069.132366361399
171,86,64,19.663240126875564,64.55434557344078,5.170498812671595,1421.2897318233013,Forest,Tea,NPK,5601.830351224539
168,104,23,23.205969938664715,30.321676869439877,5.9768673912419015,924.636795730363,Saline,Sugarcane,DAP,2914.2430121747975
127,49,149,29.126597934106893,54.731646887925365,5.302136101070888,1403.231414994741,Alluvial,Coffee,Bio-fertilizer,5958.714856631512
99,148,73,15.53428759400918,45.356480915660185,6.005300799338695,149.7737462109231,Alkaline,Coffee,Urea,4307.765948817363
90,113,55,38.220377353460215,38.150773120604164,6.433455657325208,1758.1874759207435,Saline,Barley,Compost,3501.263288480484
158,78,9,31.180570229920736,64.18194521696944,4.724289125023237,1817.4353274947118,Laterite,Wheat,MOP,3339.529566998667
79,45,64,13.940482244347201,47.91852207926106,8.651803761395055,996.9148249742967,Peaty,Cotton,Compost,948.2271063167377
172,18,124,39.24503958343335,45.984496572299875,6.429990954874674,1705.0999289434408,Saline,Pulses,Vermicompost,924.8800241685041
116,88,86,37.19312360033233,29.74717597823166,6.895893070238477,881.0816449413425,Laterite,Tea,Bio-fertilizer,1061.7599699565521
157,147,124,17.804733728861535,71.15746754865108,8.91583690723761,587.4071186440708,Black,Tea,MOP,5213.512229082246
58,119,93,38.41107963216169,87.71493244517926,5.323569499056272,141.86680456525795,Arid,Tea,Compost,1964.560044683028
95,37,85,39.41550466003318,35.918664710296525,6.317900443469467,1130.8370264513035,Peaty,Pulses,Bio-fertilizer,5100.928131993496
107,69,78,14.973236204898273,86.19887029001976,8.324889171662978,1371.142440925306,Alluvial,Rice,DAP,6102.91490462777
95,80,92,33.60910404752999,27.835514891507124,6.101880182076837,1958.3174541497042,Red,Pulses,MOP,5610.808295996215
29,131,72,32.70254517065905,56.35701016527561,5.421965733678206,1767.8771484888775,Alkaline,Sugarcane,Vermicompost,1550.5287733581645
67,32,30,26.739422163479198,58.675953034790766,4.923683595565641,752.9600659572958,Peaty,Tea,NPK,4001.5616866926425
15,27,93,21.921441714559496,26.538558038270693,6.4848247121285265,471.6576187845786,Laterite,Maize,NPK,3901.6426027658185
173,89,76,33.93742478847682,47.71793308637184,8.617905307831695,1112.754847767666,Forest,Coffee,DAP,3409.4191120814103
16,84,135,20.893022099020314,82.80304386752331,5.259843930049588,1063.397097344338,Saline,Rice,NPK,1813.1018446161847
169,128,111,19.39485984451847,75.90152906679259,8.85490144696525,1728.0604785426788,Forest,Sugarcane,Urea,5723.422980369979
72,113,123,13.67301695076823,70.76298836191735,5.953550392737962,1994.4484984551573,Alkaline,Wheat,DAP,3278.6829714839982
34,135,101,10.880924773071769,77.60709123550402,5.443888264576566,820.1515398162851,Alkaline,Sugarcane,MOP,1718.1776366342845
187,138,64,19.430503395512453,52.98175292529702,8.197366039697123,972.6038746291064,Peaty,Cotton,Compost,2153.092877659059
85,34,25,13.388296252335206,26.10256274822818,7.73584851309235,898.2255829106774,Saline,Maize,DAP,2761.619175284083
84,27,132,20.571248398289633,78.9013287159332,6.620792253291741,1960.2993822287935,Black,Vegetables,MOP,702.2513994628249
177,51,128,39.752278515035165,25.08696101270114,4.846851053781573,746.7221760666823,Black,Rice,DAP,3832.255895442844
66,121,50,32.777461991825284,83.25254910427566,5.547434161955799,1634.0524576459075,Saline,Sugarcane,NPK,4822.4018725939695
143,95,102,23.411666314192765,52.22507898413484,8.390536242852015,1138.631618356798,Black,Maize,MOP,3182.947340229169
34,92,18,37.54229656597452,39.60261306853426,8.362537545596044,655.2146378776058,Laterite,Wheat,MOP,5869.253835832717
37,75,67,26.775544204879793,63.976667732429696,6.897041490426997,1306.6693012284657,Red,Coffee,NPK,1231.7725376775907
70,34,13,10.372121088319444,52.81375758251541,5.855693673420001,1236.8792201657418,Saline,Sugarcane,MOP,1971.2847132196587
77,12,6,30.034140496792194,61.5255099075169,8.515361241628435,452.12734110455744,Peaty,Cotton,Bio-fertilizer,3953.557383692384
20,68,54,27.20048036905654,66.11775490980494,5.635382624277329,518.4280726168987,Alluvial,Maize,NPK,1247.0644808871843
77,39,69,10.754258748318183,68.6115319291496,4.869931786703018,1830.2855009267653,Peaty,Coffee,Vermicompost,5530.217762246017
35,56,97,15.117457346712701,86.36758241200096,6.503607505281547,1598.724301420183,Peaty,Maize,MOP,2043.3175444362407
159,80,71,29.566727786364176,86.53717368103425,7.202929799467602,1512.8284407354636,Alkaline,Cotton,Urea,2248.2331478720616
162,149,65,24.174800650195408,23.195412185166862,5.13010843898993,625.947184803481,Saline,Barley,Urea,3428.0244607758186
177,146,39,23.424044239673734,53.20018943018824,7.158903485719687,1120.314227867581,Alluvial,Maize,Urea,549.8162122199647
133,101,94,23.885558650475517,50.697694197620486,5.483294254593586,853.9140094640013,Forest,Cotton,Vermicompost,6556.399176313306
46,53,45,34.546200062447426,57.21196252231016,8.45938204812522,1192.081153102389,Peaty,Tea,Bio-fertilizer,3708.0527722107713
177,112,23,22.33063225796637,83.53277017895884,7.713146900100854,1255.0199067723372,Red,Wheat,Organic Manure,2428.7296671765853
17,95,91,31.52716374194783,78.07112898056752,4.682514318951067,1756.0356818476382,Alkaline,Vegetables,DAP,1244.1696474283833
91,88,117,12.130229935997665,25.61260098573324,6.096470813261929,1889.2788520759575,Alluvial,Cotton,Bio-fertilizer,4699.625137532909
84,14,146,29.082881392286268,83.93008633033656,7.256580607551687,1760.0273275860557,Black,Maize,NPK,4646.20110231362
102,135,148,39.737896802009,77.40088403835492,7.626970681541817,1111.7361289305786,Arid,Rice,MOP,3659.0032096844197
71,53,131,20.295020595179746,71.04214412846136,7.435312418663728,1706.648289680823,Arid,Sugarcane,Vermicompost,6036.96803968066
182,123,77,19.18940496334638,75.22896119445554,6.50888782380712,1616.9226469848697,Laterite,Maize,MOP,3425.801847682559
113,79,52,10.369291090482267,45.90366342719787,4.623391394876959,846.6510281560534,Peaty,Pulses,Organic Manure,2934.5937656307888
16,60,69,20.376323822135724,30.812182305632664,4.614514919575879,1327.06253394432,Forest,Sugarcane,NPK,543.6175369763897
47,68,73,25.932560346557285,78.92063532212732,7.1109968345326315,1163.4080451920859,Alluvial,Wheat,Bio-fertilizer,4973.782532571541
167,124,92,25.1636535373135,87.48121849823916,6.2289302084361005,174.09242389233202,Black,Sugarcane,Vermicompost,6516.642645164682
15,63,129,23.75569026645672,40.24713403808582,8.550374323574164,320.6640243809986,Red,Rice,DAP,2936.223190581676
143,22,117,12.646051113696121,62.4814139103851,5.18212931791446,158.78152498954975,Red,Pulses,Organic Manure,2712.516177654287
174,53,145,26.25114437230012,73.3331268823409,8.251424828719134,936.8385655936057,Laterite,Sugarcane,DAP,5874.297329676723
94,131,25,38.99252157599222,59.03961783750307,6.062746675637284,1202.8884418880223,Red,Vegetables,Organic Manure,6998.139727013441
188,21,103,36.409442864467806,63.63841707116081,7.062198125320272,1279.2549116667096,Black,Cotton,Compost,5250.317186626757
154,105,122,16.832492083096287,87.48201930158596,8.592545749217589,1472.072147366221,Forest,Sugarcane,Compost,3480.031759700176
148,9,24,24.00346231693564,22.41228815975,8.86323477081643,1903.313071869937,Saline,Sugarcane,DAP,6876.417958057453
192,106,79,16.096692732582618,73.32587339643881,6.2394322807036255,1071.4233781814273,Laterite,Barley,Urea,2854.7425661408424
190,86,96,34.82556766318909,73.51694562583023,7.08088028155008,1916.489572862673,Alluvial,Maize,Organic Manure,6974.799172656368
182,85,85,35.40906562621181,82.51631436367904,4.781059171285822,1778.5830496735152,Forest,Cotton,MOP,700.135322792911
31,97,71,30.77597294611324,29.41045905856853,5.847280147672565,781.5594982923255,Alkaline,Rice,DAP,2667.1475940342184
39,61,51,39.716380983104,34.04557121826329,8.97591888701999,270.6430931372706,Red,Tea,Vermicompost,593.0493048358899
34,41,5,12.070886226635489,20.39660701706971,8.716909628064577,1661.6606082858664,Alluvial,Cotton,Urea,5479.75356317131
113,27,13,31.694484593938885,39.623412255406464,7.59332863861307,146.54705170853947,Laterite,Maize,MOP,2767.3334708016155
54,65,87,25.677297980102352,40.96959745677117,4.845879338742736,1051.1861093337939,Red,Rice,DAP,2074.502915859685
22,115,38,18.43013496726141,76.24379203078192,8.681526241343342,869.6951196023762,Saline,Rice,MOP,643.1749879548105
48,69,149,29.214281265275318,88.52867806223662,7.2157189321952035,779.8467598157429,Alkaline,Sugarcane,Urea,5437.474286548677
32,36,78,27.575943653605577,63.73487039525817,4.822991128019309,1396.9727203244645,Alluvial,Pulses,Vermicompost,3510.622658883721
161,83,26,26.89866792861444,28.396758511672296,8.625562608160507,1469.2447760379152,Laterite,Sugarcane,NPK,3728.5202483166527
107,131,79,18.146411422337273,48.17126462035682,4.962367136035905,459.17509698231027,Black,Rice,Compost,804.5374054294202
96,92,54,24.00903999890832,43.825952241403385,8.732018275812777,257.1593768962716,Saline,Barley,NPK,1162.3005224290878
146,104,86,36.756164344322045,50.36721937035706,8.594744147344764,816.9043025300664,Alluvial,Maize,NPK,4888.410397472842
166,64,124,30.275432393930092,29.738109422376127,5.64404122686913,1763.4713304499708,Alluvial,Vegetables,Compost,6779.308783336402
184,29,98,18.06904094786158,53.27846254950516,7.354528828700419,1998.9858716096983,Alluvial,Cotton,Urea,2840.328028356359
108,51,109,11.570650605624172,73.72973399625428,6.374269943567455,1662.1417849512043,Alkaline,Coffee,Bio-fertilizer,5177.749807968447
175,58,104,30.334396009301326,62.54264855769058,5.828856649073248,359.541716937228,Peaty,Coffee,Bio-fertilizer,1317.2077484494703
181,32,58,15.976458246821593,82.3150501845322,5.793343184095109,798.7933767366906,Red,Barley,Urea,5851.5112938346665
62,48,51,35.064406772265826,21.028537205846767,6.205923219023713,740.956538861276,Saline,Vegetables,Vermicompost,5110.989286068041
140,115,106,25.928130352362814,61.659217243397705,4.54465719507526,981.7808029616574,Red,Coffee,NPK,770.7693194874357
93,123,20,33.18764445628345,56.490723335789724,8.89206220475646,338.5454080490414,Saline,Wheat,Compost,996.502142444464
174,138,139,10.526570900998868,40.53160275463953,7.979138432634022,1084.1250026539,Peaty,Rice,NPK,4672.08973255981
144,115,55,10.707848939365874,82.89924232723875,8.024392859843816,1582.7146347848627,Arid,Cotton,Organic Manure,1846.116968147713
166,102,83,11.79149466912668,67.01495970822208,7.11993941895704,1981.3968978164808,Laterite,Tea,Bio-fertilizer,5603.732030464655
84,147,36,12.268151218502524,45.59765237829599,5.514215706030447,472.08285985511304,Laterite,Rice,DAP,6324.488226664726
54,87,15,39.449599715573434,56.90856266406796,8.578894337614965,411.37394518291615,Peaty,Vegetables,MOP,2189.3823650784134
111,61,51,11.818867781994046,68.29998161162604,7.605434512070295,1868.1529292084203,Alluvial,Cotton,NPK,4600.991636489562
170,19,65,38.47213588944532,87.36171420914489,7.294088655979686,1864.4545453282776,Forest,Barley,Vermicompost,3487.821657617298
102,12,112,35.309489921554714,88.6834770414881,8.069142932985327,1722.1913512388674,Red,Barley,NPK,4784.239469051922
108,52,68,38.590600635366975,56.577780171243724,5.486028657614723,972.0306108168675,Peaty,Cotton,DAP,4358.146079962109
127,138,8,34.881748808755376,71.2485824790069,6.097684754033812,1426.7911987323882,Alkaline,Barley,MOP,3889.4876516895674
17,145,110,24.307003194039098,70.28318227604028,5.613031421185875,1317.168848742886,Black,Rice,Bio-fertilizer,5578.76746399364
95,97,90,28.091929185115497,78.47854815894881,8.02989386101538,816.2725296599322,Laterite,Tea,NPK,1986.399067423457
179,108,70,25.440508513643167,76.57928076891562,5.642194851705127,567.0341346816907,Arid,Tea,Compost,3625.7859529195584
191,38,133,11.347338969868476,73.27055464467745,6.172758298810544,845.6705538360121,Laterite,Coffee,Compost,712.0166642201823
112,95,94,20.713634779015084,75.12843601011454,5.629506224680351,1171.7406547836838,Red,Wheat,MOP,3201.4253233976806
10,62,113,39.23116716037772,21.92634295982907,8.279172729654888,1528.3671287742773,Alluvial,Rice,Compost,734.1223188942715
107,72,143,26.8997392609914,49.92512819296782,5.968522939193942,1695.3533458467016,Alluvial,Barley,Compost,2794.8275454019654
163,44,137,22.583439818719405,74.62558521048172,6.643510799854944,1045.3257190775942,Alkaline,Pulses,NPK,1828.9957593556267
121,116,107,10.984288723858253,64.52297281459778,6.139594072927044,660.95942473032,Forest,Coffee,MOP,3794.982846751925
36,44,28,20.578078177865745,77.73514993944508,6.8204673263540405,980.2579412183139,Red,Tea,Compost,2336.070771405024
104,66,61,27.7129326946808,24.293166895029785,6.129793146594277,1473.943720376853,Alkaline,Sugarcane,Organic Manure,1969.8146531228676
70,7,132,10.044214662589342,71.05413558615975,8.850804749096785,526.1576182415856,Saline,Sugarcane,Bio-fertilizer,4664.131353216812
150,91,62,19.087927169212875,42.77065938161218,7.706795998943308,1651.8809863607084,Peaty,Sugarcane,Vermicompost,1314.8170926505065
48,20,26,21.79585603083767,61.344648379624644,7.474564144112941,249.06605100253552,Saline,Cotton,Bio-fertilizer,5399.8930536999205
148,14,21,28.04661637899472,40.759193854415145,7.71490873832059,1542.1100367916688,Black,Coffee,Vermicompost,5574.757045805856
45,85,131,34.82518959619664,68.80465673367458,7.714469860807489,977.2606732449262,Peaty,Maize,Urea,1293.1982130920162
90,77,145,16.401800439270687,66.56023359668838,5.2079682600082275,325.8613432364368,Alkaline,Coffee,Urea,5225.868950500036
90,19,104,33.58616956783174,71.4110752452914,6.229597673358607,147.86748652253578,Alkaline,Wheat,NPK,1308.488403068608
198,136,63,25.032636407865912,69.43352280743511,6.904307483521541,1127.395677552898,Alluvial,Rice,Compost,3781.171388979433
22,68,84,13.951450857372807,80.57070312362387,5.2077294368087195,688.5969324972885,Saline,Tea,Bio-fertilizer,2557.572824241155
66,76,11,19.3858948256539,85.47079689817294,8.328061172721808,1965.6208263454243,Saline,Maize,MOP,579.0190146030143
122,16,130,21.720463329578173,33.399937634967976,6.352449572055161,1876.4894204936543,Forest,Wheat,Compost,5262.543828836822
129,63,37,18.57274973778118,50.29368157194838,7.584497474498557,731.6666985825528,Arid,Barley,DAP,1835.1091551071906
42,145,88,30.14437446001621,64.25975075463478,5.395464625317466,894.8343417943322,Alkaline,Cotton,Vermicompost,4407.1675215581345
91,67,109,39.41106222826555,24.725178267867534,6.834154474712678,440.79289582319984,Laterite,Tea,Vermicompost,4060.6005134915763
91,75,135,16.159988161203994,53.8127788291223,5.708401902304233,646.1771633047753,Peaty,Sugarcane,DAP,4983.562520112788
166,24,45,12.762009582474263,61.93312110052671,7.3064195023061975,1332.1591582255076,Alkaline,Pulses,Vermicompost,4670.6074073778045
143,31,14,23.52059424816739,67.04392271265775,7.126006352961683,1098.9368171623564,Saline,Maize,MOP,4384.8438375675705
92,14,57,38.34208776349239,71.55746598343548,8.473472211733979,485.00200485715203,Laterite,Wheat,Vermicompost,4563.831001947874
122,49,72,38.08801418239658,57.939305242283616,8.728431800820786,518.9190175992778,Peaty,Wheat,Urea,5958.710443318773
154,78,118,32.28474924718949,42.893125090627244,8.505256614593637,260.17249776156575,Saline,Barley,Urea,3321.1363226069325
164,96,21,26.40627897628134,66.94728677676278,7.653904361376444,487.6468649032995,Laterite,Coffee,Bio-fertilizer,1795.2571870342053
56,67,114,18.124189841109178,37.32918391959205,4.781368330842806,971.9869815339587,Alkaline,Cotton,MOP,1899.738478986592
103,52,142,36.54892924541763,46.82989677495409,6.720754464694837,638.2790486073682,Alluvial,Rice,Organic Manure,1801.8331161395683
129,95,12,12.053761580007341,45.97790569010895,8.643449738085108,1210.4529285391095,Saline,Wheat,Urea,2668.4441286887804
46,141,86,33.62161080256999,51.80417961473586,7.336112487552711,571.9288566120943,Alluvial,Barley,NPK,5918.680371935729
123,111,41,33.51962076068067,49.35727281668801,6.750360532222121,1591.6856567818445,Forest,Cotton,DAP,642.4366370375582
144,65,111,24.732871881494955,84.89774402008992,4.974269481485123,1552.4373833434584,Laterite,Barley,Vermicompost,574.7010764377495
111,42,89,14.813878428136793,24.934436195020126,5.335410172055593,1362.0168314790396,Peaty,Wheat,Bio-fertilizer,5183.67606618864
44,73,133,19.29420625967407,37.49698624783349,6.817525468693754,1117.5522482713777,Laterite,Maize,Compost,5326.45041346274
162,59,50,37.41365331619778,86.69705119017543,5.970341439135184,773.4074027068042,Laterite,Tea,DAP,2264.741902182141
70,141,10,26.601135692493155,55.2192730786078,5.372383805716017,1731.751865219494,Alluvial,Wheat,DAP,6248.4475556493135
167,61,131,28.316402650462738,31.225578428382022,7.531404378637085,440.5811859046334,Alkaline,Maize,Vermicompost,3001.223511937171
113,89,138,33.68296582585573,40.77506774138954,6.936163245707709,755.9369119729477,Alkaline,Wheat,Vermicompost,1577.3631502739345
147,119,32,19.33007484198041,31.6851749572251,5.596782671359538,608.4415178372442,Red,Vegetables,Vermicompost,1927.1005009937126
116,141,37,22.86833000290433,57.863350268665656,7.633934131662483,1434.0775827454759,Forest,Tea,Urea,1823.8363955224515
150,133,97,25.975121992479455,28.077624952524218,7.225370501955352,322.6874207924435,Black,Maize,Compost,3354.121174130385
26,75,17,21.75578119564078,82.6972344333145,5.419423725295366,1064.8296215216803,Forest,Vegetables,Compost,5547.1804672316175
140,33,121,16.657013823531187,70.02488924361069,8.467035547233406,1489.5013874362628,Alluvial,Coffee,Urea,3981.7678957592607
95,84,112,20.008851875105968,75.40907418139591,6.530823508631647,448.54017316652556,Alluvial,Coffee,DAP,3129.696266626113
183,34,61,34.1061297838781,83.124181998236,5.4156273412391815,227.24986284801588,Red,Sugarcane,Vermicompost,3615.1905844444937
45,83,120,29.449540223562867,25.187379580240695,6.189610178099252,1627.2476358675488,Peaty,Tea,Bio-fertilizer,2005.0648337728173
12,68,44,12.061410331718829,45.87019395987412,6.589073338826513,1473.201729253729,Red,Maize,DAP,2774.6421069426588
146,96,128,12.86114806819176,27.257500651399354,4.71895948647771,1203.928677412708,Black,Wheat,Urea,4294.1383202538655
67,103,48,32.26759561597262,31.89167042355147,5.377388399551301,1791.7780827167242,Arid,Pulses,Compost,1531.412678982952
30,68,94,36.6738377182003,60.51647281583584,7.345760959477744,397.3057604068411,Alkaline,Maize,DAP,3197.312900100508
113,63,61,17.245018839785004,35.04388459254771,6.411828792906391,1824.8931763787148,Saline,Tea,NPK,5347.396963994819
11,144,119,34.65492839756078,66.16575380485392,8.083086527436159,616.6974748950527,Alluvial,Vegetables,Vermicompost,3966.134095314166
70,133,126,18.35372639120719,65.82963527494093,8.206953281096053,219.9665565620435,Red,Barley,Compost,5797.108235513505
128,74,88,33.20987694686997,72.34870020884503,5.1777364644822335,512.7386842607206,Laterite,Pulses,Compost,2187.2469202878196
105,83,9,28.901196354399467,80.06842759757726,8.026975750577622,915.0713704976919,Saline,Sugarcane,Vermicompost,6272.768228071232
113,81,6,32.44014209114211,76.88995339251434,7.680770351012435,1937.8008163000945,Forest,Pulses,MOP,6992.801978216389
104,147,148,22.33574553983758,29.105646888026286,4.600916501229248,784.8109715688236,Red,Maize,MOP,3139.076711089719
95,118,104,11.168140500629969,78.59837394814565,7.287867900163365,1170.4511663540163,Arid,Maize,Organic Manure,3196.298276028157
77,65,33,32.70190501205704,50.96056638157947,7.683286500148174,839.5378962143981,Red,Coffee,NPK,4201.64914711965
148,114,32,25.83032398665085,34.81451289989028,8.980339992744977,1964.124024949078,Alkaline,Tea,NPK,6096.794446771527
162,18,36,23.642930276579833,67.23504115171875,7.548892262476581,808.9329750025288,Laterite,Barley,Bio-fertilizer,6512.806639729594
178,63,93,29.459168703064467,39.270174941630216,5.202929559089799,1308.2866209707506,Arid,Pulses,NPK,3189.878524585173
184,97,146,11.818147231447293,67.97767404122041,4.612347999540257,425.7249357500312,Forest,Barley,Bio-fertilizer,5948.0073374261765
175,135,94,22.056615996721902,30.75837299909432,7.076732547969101,626.3237962193597,Saline,Cotton,NPK,1010.6259010042264
52,12,33,22.700054324595925,25.91957646680665,7.230811299930626,1773.8487107153492,Forest,Tea,Organic Manure,4989.418512462043
185,92,77,39.91713699710808,22.101820373057496,8.538146396059194,1282.9980138374503,Alkaline,Tea,Bio-fertilizer,4523.445170540823
133,57,123,21.878847662428146,66.85160264133154,8.513518964654532,681.4977806932972,Arid,Cotton,Vermicompost,3006.384351336667
117,62,38,24.24852895791245,23.865576452011993,8.740725543010246,242.16028987044876,Black,Pulses,Bio-fertilizer,1457.291163088591
135,44,76,23.192214595237257,39.48579371638596,8.09231938744134,719.8824442781789,Red,Sugarcane,Organic Manure,1928.0941375441025
48,32,53,20.610900597422017,41.17353204175486,8.889179747158895,423.2192928876348,Forest,Vegetables,NPK,1454.99250329451
136,124,26,24.536139852400325,41.16936578949755,7.035337640177343,1627.2292919186027,Saline,Tea,Compost,3610.224755663752
108,116,64,24.635029556320376,25.75906269939433,6.568128257461304,682.2805892813586,Forest,Tea,Urea,5148.711956071568
18,26,145,20.41187105498185,58.30662642944502,8.962977964406623,1361.9832548363927,Arid,Tea,DAP,2540.1907286960586
22,85,36,36.685579331312894,46.00270838370638,5.3782493274839265,1029.8458210725184,Alkaline,Pulses,Organic Manure,4764.357642842076
197,75,52,22.204144028551706,42.976317397483754,6.542954600398645,1548.6492214822501,Saline,Maize,Vermicompost,6371.437093442119
143,81,94,36.088182474243325,48.19430832630299,8.866059049866946,1871.4132406348674,Alluvial,Wheat,Compost,4800.837187589729
129,57,135,15.485133396064512,77.79976660924669,5.7856840544740065,1861.5351855424537,Saline,Barley,Organic Manure,4131.978640058585
41,103,142,21.021721860912116,26.09120528119521,7.005532099176846,1705.729617842466,Peaty,Barley,Bio-fertilizer,2694.7204629950247
136,35,88,17.490068582206906,38.427314256260786,4.502940258425848,1754.2711648384836,Laterite,Coffee,DAP,847.8440089347814
191,133,147,15.985159447888254,40.57643707118282,5.566881188328031,1902.15559211457,Laterite,Wheat,Bio-fertilizer,2394.49593770966
120,17,20,28.45760959847242,73.22970181777302,6.808149741486446,1437.7582155105442,Forest,Vegetables,Compost,5501.417811533306
103,116,59,29.398013318459856,35.87188290848612,7.51514642013405,989.8273532742456,Black,Sugarcane,NPK,3758.291690067241
167,61,56,37.85150516908922,89.74788055753388,8.082033310922775,1532.0947338132087,Alkaline,Cotton,Organic Manure,2043.6106188896736
194,140,76,37.67102454010309,68.69372566478407,7.248468288082673,479.6984154356851,Alluvial,Coffee,MOP,5380.002719871862
169,89,60,21.61967553925942,24.631563218410832,4.586199684980638,1671.031265848231,Alluvial,Wheat,Vermicompost,1069.066316180574
124,143,92,10.903116166339569,87.30446272018786,7.50540558015366,1873.0896667426819,Alluvial,Maize,NPK,4382.40073229755
193,32,42,38.414843887007436,81.9398582387203,7.825801391727176,627.1828914774127,Saline,Maize,MOP,2708.506574942485
41,109,87,19.356383072911758,43.798030465527376,4.8552273132595,941.3164594331012,Laterite,Vegetables,Urea,1078.4331465662533
123,136,141,17.199680916098725,69.70928483951761,5.728274976291695,748.7080122481668,Forest,Wheat,Compost,3403.644427180382
161,122,77,32.53531410862128,72.77076578969391,7.100510007123397,1818.2835724883287,Black,Maize,Compost,1246.1800271333207
114,48,30,31.513617054165806,79.92927493096204,6.1054592023047265,1539.1824463563635,Alluvial,Maize,NPK,2540.2074973476774
98,70,135,20.26322862590782,50.09703338458752,8.239271269747807,327.793077598153,Alkaline,Wheat,Vermicompost,3657.8132879321047
152,114,50,28.967144526035828,60.85235259056698,6.255541056097527,774.7501307322439,Laterite,Barley,MOP,2735.724962624956
100,22,108,29.71091494702322,82.88705266088243,6.2978345306412065,720.909941129777,Alkaline,Cotton,Urea,1037.7712575538599
190,59,41,13.561272865273343,88.63977589425065,5.4661314935851,227.74494217206617,Arid,Vegetables,Organic Manure,5592.750525494169
39,15,112,13.097950266251452,32.076671386245344,7.055884337922363,663.0794656752479,Forest,Maize,Compost,2100.5870463089004
195,35,56,10.817500358524454,56.6510539655017,5.482169427121782,1979.9203549812999,Peaty,Pulses,Urea,2143.5777686257225
158,83,26,24.320511943672038,44.55733765345109,6.131519084515926,1630.857598769614,Saline,Vegetables,Urea,4122.518739543006
90,82,10,26.970645164230174,32.78706689677677,5.1281949031191,1195.2976313597323,Alluvial,Barley,Compost,2999.9719938619933
172,64,10,30.37597453603508,25.359778090347728,6.393425407946666,1243.1961116347627,Alluvial,Sugarcane,Bio-fertilizer,3591.375246843054
68,136,21,37.8430550652936,79.14036292427429,5.507921456392865,554.370836325594,Laterite,Barley,Bio-fertilizer,4483.172930987317
172,104,126,35.00932031425517,77.02697032969925,7.253239590464497,809.57009575214,Red,Wheat,MOP,6754.699402959519
150,62,132,29.744794728927204,24.907569774887985,6.2786669194402105,445.37984771298767,Red,Cotton,MOP,689.5087091435785
37,100,35,12.871871642331918,42.23862882830135,8.859035725084606,598.4516368837968,Laterite,Vegetables,Bio-fertilizer,1932.899027595223
117,119,107,29.062430705857295,64.08744581042953,6.314447849327203,1529.555976377197,Forest,Pulses,DAP,779.8406176518457
69,102,130,14.393087698084484,78.30508009019596,6.931334393056383,1704.8652272714262,Arid,Pulses,Vermicompost,1199.4922009390825
41,110,19,24.520617175282123,55.98668097858818,5.888107266702678,1188.7801811761299,Alkaline,Barley,Organic Manure,6248.308477962398
148,47,149,30.900853343102458,42.7042065386539,5.552536191624916,500.68383259349747,Red,Vegetables,Organic Manure,4862.105521058845
31,116,15,23.632094634398584,74.61324879380965,8.989302700131233,463.150968052904,Saline,Maize,Vermicompost,4972.296120981838
82,27,87,36.613579516710956,49.38940883804223,6.736029833250219,1842.18989158174,Alluvial,Coffee,Urea,1541.4664063472908
83,62,98,13.007366911686299,21.161473644281852,7.477734071897805,1244.6539397365168,Forest,Coffee,DAP,999.2483669503283
182,139,130,36.05228571840802,84.85246585693294,6.388323222630646,196.18269731124084,Arid,Sugarcane,MOP,3230.026481529132
196,94,148,10.339076097670674,75.11603707044911,5.878947702165172,176.490205717541,Red,Rice,NPK,2866.7330375682463
139,63,31,26.982149393444953,72.60170611215406,5.093843938307828,1075.0478591378796,Laterite,Pulses,Bio-fertilizer,828.7251748574877
129,40,12,37.91195260507976,26.675264489110248,6.525263877418014,741.163130032035,Alluvial,Wheat,NPK,2367.6236573078627
80,128,129,23.2632110403916,43.40808252921241,6.275575418935157,1106.8871151674425,Alkaline,Vegetables,MOP,1905.6284332124378
36,59,33,14.477484092244218,38.77220574214393,6.124836268534668,876.0656046761169,Arid,Sugarcane,Organic Manure,1613.4172258408573
39,49,23,30.914910764139414,33.54047400695378,7.386770165653132,593.673462086569,Saline,Cotton,Vermicompost,2692.521201982979
156,42,74,36.25354133674141,75.33643571901715,5.13498417309608,1136.6060314049262,Laterite,Coffee,DAP,3080.4490543485817
135,79,26,30.138124756873975,38.9450759387236,4.865533356630027,1985.9054114267503,Laterite,Pulses,DAP,3780.0236599500213
168,132,89,35.98304636133504,40.26076651336416,6.6045654561819465,1276.8409417963537,Laterite,Maize,NPK,3401.872491677567
26,100,148,29.3458366844494,21.647274608986915,6.433302887535799,629.9823445396058,Black,Tea,MOP,4115.239502095075
163,115,54,17.607523509891074,52.96650411407602,6.7150454183208375,470.51706283337006,Laterite,Pulses,Bio-fertilizer,1867.0706158576588
115,28,8,13.085277764724301,28.81686374655508,8.906181997952771,1380.293906713009,Alkaline,Rice,Compost,1378.0209504674444
36,117,53,30.475973786131647,60.2751421190369,6.430780661861997,624.253119323039,Red,Vegetables,Urea,619.5099239853823
86,109,122,16.561416667196177,24.19603106029158,5.089381843473784,1251.3942378149484,Forest,Wheat,NPK,5058.991356137985
169,93,70,22.34123714237768,28.8470495683967,4.625297584098361,1283.1913363563833,Peaty,Rice,Urea,2180.845342376096
69,70,69,30.18541400465634,70.69781692493933,6.716695523498164,1303.4823064600414,Laterite,Pulses,Urea,6774.467703597599
134,107,28,20.88260801197456,58.26874298074379,8.279191584915697,342.22279226646776,Arid,Cotton,DAP,6462.242432754924
45,26,131,30.9349835651551,83.01848778414492,8.064860376607543,1385.0860289581758,Saline,Tea,NPK,4494.157553825603
160,113,127,12.450018275802888,84.70009495562628,5.966205573467182,342.77184030098186,Saline,Maize,Bio-fertilizer,605.5823808614491
96,146,65,20.281927762837213,29.42033869728754,4.924885039472164,1679.8848329132247,Saline,Wheat,Bio-fertilizer,3743.3122599394787
96,108,127,18.963486131627548,82.38400511445217,4.561353107576196,713.180488180613,Arid,Cotton,NPK,2154.1286555186916
41,145,39,36.96363669212043,58.717837974086,8.155161544456538,829.6810129430908,Saline,Pulses,DAP,4446.37932574325
138,91,100,15.306908524719518,89.11353110056821,6.498466006079784,1110.5563563595315,Peaty,Tea,DAP,927.7764444887471
136,62,115,19.54912284077042,54.2325042715334,8.368003786130716,1225.3726050179819,Laterite,Maize,Organic Manure,1365.8645068880865
117,113,24,32.6041633197879,81.10015950959652,6.749815463841548,1487.4734601061853,Red,Maize,Compost,5572.26110781103
61,115,113,35.498779915096165,33.737200169431595,5.064974054543147,1930.6119002012224,Peaty,Barley,Organic Manure,2334.7060576840636
29,43,16,24.224928888159592,24.66857169838142,4.71641539685416,661.7635746160763,Alkaline,Coffee,MOP,770.2632390028596
183,120,117,28.409137089681515,82.85547054106158,8.144659891363048,1207.9474162892086,Red,Barley,Vermicompost,6308.629146749869
70,72,144,31.052148216317715,58.95252461441754,6.113797118791162,1831.5444611493983,Alkaline,Pulses,Vermicompost,5260.524902884106
134,122,58,19.94056656208951,67.29640315449511,6.281717517881774,1536.8822037026252,Peaty,Coffee,Vermicompost,2497.0532520101833
182,27,32,27.391934984025763,44.19374955034811,8.170962320857981,986.7833781591058,Saline,Coffee,Urea,3788.55575307713
167,97,83,23.56259790434098,89.00637245951441,4.500839376767984,1266.5609669194482,Red,Wheat,Compost,3373.2172360523027
175,68,91,22.448813082390416,71.13447342376097,5.109099457379778,475.5145191231473,Laterite,Vegetables,DAP,3603.205231622299
61,5,8,32.03097029476655,34.6181654846213,4.763543873780402,1149.4956618527451,Alkaline,Rice,Vermicompost,2863.6948329764223
161,40,127,30.351756565090394,61.49396586091294,5.167621517802826,426.96346165999023,Red,Tea,Compost,1432.5514706171302
26,43,52,19.573704694613877,52.89407604235167,6.761208945721194,481.46485203768935,Laterite,Sugarcane,Vermicompost,3599.4527052653084
99,5,131,36.25400855863457,87.9658174723233,5.297190854501815,1471.925521987192,Laterite,Rice,Organic Manure,5710.947905743482
155,99,105,10.314809234198334,82.65457021958721,5.171133716728819,1593.2580247969354,Red,Sugarcane,Vermicompost,643.4299664348905
158,80,33,18.410042576542374,29.25257604277102,6.479350378712257,1323.5175009504658,Peaty,Barley,Compost,1256.9830481311315
144,112,99,34.61462753440824,77.84385676651307,7.146002085433327,770.89548898294,Black,Maize,Compost,942.7086607028965
179,29,89,22.42423204646999,87.05621019482963,6.935012211954801,1249.670085227023,Black,Barley,NPK,593.1508881355081
195,46,57,25.702041127660245,35.8740837723752,7.499348895118658,252.20088055824428,Alluvial,Coffee,Compost,580.2167993924311
19,96,33,21.601211711319337,23.580514393427833,6.290070484180942,1072.2441495179316,Red,Maize,MOP,6243.170734406238
131,88,136,10.220024525085408,21.806657500422723,6.9898078783035,1088.8538679140433,Forest,Pulses,MOP,6207.21783348897
80,19,75,11.321975847111442,32.9693795233478,6.935715499237551,1326.5871447121133,Arid,Coffee,Urea,2647.5445788265074
122,54,16,39.520945428373906,75.75390725307065,7.9054114061111775,1393.0605073802928,Forest,Tea,NPK,2827.908157439439
180,29,22,37.84155250686544,26.37984476112743,5.786552401970411,1377.5406443175384,Saline,Sugarcane,Bio-fertilizer,4857.823169679964
164,115,141,22.463290017762688,21.68035313914222,6.009172227978581,436.4562852548507,Red,Tea,DAP,769.2825773260204
33,98,17,15.08512275598176,23.568241391570968,7.278881017780402,494.78849982721374,Forest,Barley,DAP,4055.0376939056
120,39,57,30.618866877475526,87.3131064932316,7.786095004610406,1030.7539057637146,Black,Rice,Urea,3162.873650401374
160,23,86,34.31404651646398,39.08554531187393,7.792029538025103,807.0284089592275,Alkaline,Barley,NPK,5727.076172395247
163,103,102,29.568253326971508,52.17512181700162,7.540925818028507,1275.359549278484,Alluvial,Sugarcane,NPK,6977.421007191025
192,89,30,37.21125881245065,89.40729430791706,5.437419255038331,775.3347409917174,Red,Tea,Organic Manure,5250.71755159435
96,61,107,26.604153286295496,59.92008571119733,5.4454823681055835,1510.3156452793448,Alkaline,Rice,Organic Manure,2154.5135289907976
185,88,95,17.83487297532581,68.64671835401333,7.0532592487023305,1612.8628579671356,Alkaline,Rice,DAP,3835.638034833233
157,105,121,11.827861651621598,68.58121898740194,5.322380246943462,706.1856412312557,Alluvial,Pulses,Urea,3725.5549423552907
143,79,146,13.140279116066,29.001754017238675,7.08232769088762,215.7136728890373,Peaty,Barley,MOP,4566.9324296987925
134,92,39,36.897239754070306,33.74060116177469,4.601540302674063,1737.163280928292,Alluvial,Cotton,MOP,4322.608644435406
160,29,20,18.87242687785062,37.902059108381025,5.973394314300516,412.7789751493592,Black,Maize,Organic Manure,1791.1897498331375
43,93,129,27.821483967004333,61.27574466060833,4.8031959218486655,1679.9274940415646,Alkaline,Rice,MOP,1070.6235408780399
27,92,129,34.3559837203114,20.97034951390021,7.422204691064801,1370.8654089773022,Peaty,Cotton,Urea,2407.976150981293
130,56,73,23.755556865610462,59.521344725342445,7.483622416754163,1390.226548541711,Alluvial,Maize,Compost,623.1451219333047
76,114,13,14.12889203195084,20.065059180897276,8.564506323051184,146.7741692983533,Peaty,Tea,NPK,3750.378684742064
82,56,134,30.414383875731218,85.21885815768182,7.291670634556745,1627.134948422349,Arid,Vegetables,Compost,6574.535224650851
98,35,24,21.806660083189467,29.150212651283013,7.522689866598274,1485.6886209066918,Red,Sugarcane,Bio-fertilizer,4608.124854745836
195,103,86,16.197430486653424,41.92865336064273,7.362307891585015,856.7330432692033,Alkaline,Barley,NPK,2249.5502114455894
77,19,39,35.38372631590695,32.79693719774581,8.803313466810126,815.6852368159787,Forest,Coffee,MOP,5621.805868341055
188,76,84,34.26478970475052,81.28420552771276,5.8610984285766135,1731.5264303646904,Saline,Tea,MOP,5603.0437720584205
15,138,33,19.844802170608233,23.764061816338838,7.512106429083367,539.4318638003153,Laterite,Coffee,Bio-fertilizer,1279.6941212513038
84,82,94,12.527661322539139,67.78568235309393,5.560302830362418,1892.7908736668367,Black,Maize,MOP,6647.373064468546
146,113,133,27.93519960537055,25.737601425056354,7.410767530168714,1287.4615219144669,Saline,Pulses,MOP,1597.5800119075675
36,5,91,15.048357655231385,78.55095347289088,6.970093342380323,459.47200554167426,Forest,Pulses,NPK,4255.881814824332
185,137,52,34.886881470491495,69.65721752770703,4.97430619828408,1693.822337617731,Alluvial,Maize,Bio-fertilizer,5086.63007639838
125,86,54,19.189029906626125,42.82754967588014,4.8191218176959065,764.6125174344247,Alluvial,Tea,DAP,4603.943854681948
199,51,109,13.968638429531147,88.43129722415303,7.121828907181645,1991.4008894589472,Forest,Maize,NPK,4037.6726905991304
199,83,82,20.322748535483264,56.43806861134009,6.4829919754093215,1771.8377907813276,Alluvial,Rice,Bio-fertilizer,1292.272536459758
23,140,95,17.49918672606489,25.135484722172187,7.4841581203884395,1231.196103298058,Peaty,Barley,Compost,3541.873006107282
44,20,54,29.462413416850545,49.32788416456671,6.561128774627409,587.6296936535821,Arid,Barley,DAP,6550.356487435742
103,138,85,39.872033561539695,50.46835957595877,8.643111303503787,755.5319958566756,Alkaline,Rice,Urea,4209.949626233977
179,70,13,26.614703219011766,55.90855448746352,5.766268419774733,1662.2334138963201,Peaty,Sugarcane,Compost,1282.3632453649093
80,131,101,31.166881349490733,41.53919693728907,5.589785926563618,238.70682650929191,Alluvial,Rice,MOP,4538.649057012097
197,74,66,16.981850467466554,23.768136743592137,5.35443898093164,174.01990806208204,Peaty,Pulses,Compost,1027.5674590141443
180,43,83,33.19550503776274,67.01114200572482,4.64275121317214,1116.4366794779437,Saline,Wheat,NPK,6927.46351847381
115,11,44,18.383359219567076,74.77501010662056,8.489261369888562,857.4207390048216,Forest,Rice,DAP,1132.8848096429372
87,13,80,38.62126795234258,28.531565124696854,4.582237813755778,1817.8571698985622,Arid,Vegetables,MOP,503.88660242616953
122,28,132,12.04559859296388,33.09869892873512,6.999973064485289,653.5860383917145,Alluvial,Barley,MOP,2861.273176592847
135,46,102,35.1999328181303,43.752598495899775,7.690046007479922,1988.189553218527,Saline,Cotton,Vermicompost,2582.6083599113967
31,60,123,13.715380801174524,24.937494631506958,8.592432766586445,461.2446560055408,Peaty,Tea,NPK,6120.240304917847
74,133,25,35.78936036057819,31.816700404919494,8.342742969638337,125.13474452005858,Saline,Sugarcane,Organic Manure,1251.1294484241062
180,21,125,34.08943903927312,88.65556637902094,7.226667879364113,1057.0459354597344,Laterite,Vegetables,DAP,2950.8505515110423
105,6,14,15.828207130054043,51.30407225515066,8.234195691227782,1343.9781621470418,Laterite,Pulses,Urea,4695.973316668395
67,138,49,15.578845226722532,86.5573061941502,5.444539333138038,595.7453013353193,Saline,Sugarcane,MOP,2790.1258526415054
